<!-- if debug set to true, context info always print otherwise the contex info will print when error occour -->
<configuration scan="true" scanPeriod="60 seconds" debug="false">

    <appender name="stdout" class="ch.qos.logback.core.ConsoleAppender">
        <layout class="ch.qos.logback.classic.PatternLayout">
            <pattern>%d{HH:mm:ss.SSS} [%thread] %-5level %logger{40} - %msg%n</pattern>
        </layout>
    </appender>

    <!-- 所有日志文件-->
    <appender name="AllLog" class="ch.qos.logback.core.rolling.RollingFileAppender">
        <rollingPolicy class="ch.qos.logback.core.rolling.TimeBasedRollingPolicy">
            <fileNamePattern>D:/temp/idea/%d{yyyy-MM-dd}.log</fileNamePattern>
            <maxHistory>30</maxHistory>
        </rollingPolicy>
        <encoder>
            <pattern>%d{HH:mm:ss.SSS} [%thread] %-5level %logger{40} - %msg%n</pattern>
        </encoder>
    </appender>

    <root level="DEBUG">
        <appender-ref ref="AllLog" />
        <appender-ref ref="stdout" />
    </root>
</configuration>